{"0.1": 2.886331796646118, "0.2": 0.34802329540252686, "0.30000000000000004": 0.05165904760360718, "0.4": -0.2866157293319702, "0.5": -0.4591897130012512, "0.6": -0.554221510887146, "0.7000000000000001": -0.6085320711135864, "0.8": -0.6398236155509949, "0.9": -0.6574147343635559, "1.0": -1.5764436721801758, "1.1": -1.5264796018600464, "1.2000000000000002": -1.467799425125122, "1.3000000000000003": -1.405656099319458, "1.4000000000000001": -1.341935157775879, "1.5000000000000002": -1.2436273097991943, "1.6": -1.2009494304656982, "1.7000000000000002": -1.157050609588623, "1.8000000000000003": -1.1134912967681885, "1.9000000000000001": -1.071180820465088, "2.0": -0.6492050290107727, "2.1": -0.6439403891563416, "2.2": -0.6387819647789001, "2.3000000000000003": -0.6337641477584839, "2.4000000000000004": -0.6289132833480835, "2.5000000000000004": -0.6242498755455017, "2.6": -0.6197834610939026, "2.7": -0.6155024170875549, "2.8000000000000003": -0.6114412546157837, "2.9000000000000004": -0.6075538396835327, "3.0000000000000004": -0.6039018630981445, "3.1": -0.6004492044448853, "3.2": -0.5971921682357788, "3.3000000000000003": -0.5941256284713745, "3.4000000000000004": -0.5912435054779053, "3.5000000000000004": -0.5794018507003784, "3.6": -0.5708600878715515, "3.7": -0.5686061382293701, "3.8000000000000003": -0.5665198564529419, "3.9000000000000004": -0.5645946264266968}