{"0.5": -0.4591897130012512, "0.6": -0.554221510887146, "0.7": -0.6085320711135864, "0.7999999999999999": -0.6398236155509949, "0.8999999999999999": -0.6574147343635559, "0.9999999999999999": -1.5764436721801758, "1.0999999999999999": -1.5264796018600464, "1.1999999999999997": -1.467799425125122, "1.2999999999999998": -1.405656099319458, "1.4": -1.341935157775879, "1.4999999999999998": -1.2436273097991943, "1.5999999999999996": -1.2009494304656982, "1.6999999999999997": -1.157050609588623, "1.7999999999999998": -1.1134912967681885, "1.8999999999999997": -1.071180820465088, "1.9999999999999996": -0.6492050290107727, "2.0999999999999996": -0.6439403891563416, "2.1999999999999997": -0.6387819647789001, "2.3": -0.6337641477584839, "2.3999999999999995": -0.6289132833480835, "2.4999999999999996": -0.6242498755455017, "2.5999999999999996": -0.6197834610939026, "2.6999999999999993": -0.6155024170875549, "2.7999999999999994": -0.6114412546157837, "2.8999999999999995": -0.6075538396835327, "2.9999999999999996": -0.6039018630981445, "3.0999999999999996": -0.60044926404953, "3.1999999999999993": -0.5971921682357788, "3.2999999999999994": -0.594125509262085, "3.3999999999999995": -0.5912436246871948, "3.499999999999999": -0.579401969909668, "3.599999999999999": -0.5708602070808411, "3.6999999999999993": -0.5686060786247253, "3.7999999999999994": -0.5665197968482971, "3.8999999999999995": -0.5645947456359863}